t_s,GR07_temp_c,GR07_sem_c,GR07_sigma_c,GR07_rate_hz,GR07_observable_ns,GR07_n,GR07_rejected,GR06_temp_c,GR06_sem_c,GR06_sigma_c,GR06_rate_hz,GR06_observable_ns,GR06_n,GR06_rejected
1.5809,22.970775,0.003146,2.324698,907589.643754,1101.887375,545990,0,23.034494,0.012343,0.619236,141210.780776,7081.643226,2517,0
3.1623,22.904323,0.003229,2.318413,907385.975429,1102.134340,515541,0,23.085459,0.012533,0.611046,141235.079152,7080.424064,2377,0
4.7342,22.991758,0.003238,2.325331,907653.955306,1101.809337,515694,0,23.080346,0.012265,0.598085,141232.641678,7080.544996,2378,0
6.3178,22.967176,0.003240,2.326334,907578.616046,1101.900859,515651,0,23.002147,0.012440,0.606644,141195.358887,7082.415475,2378,0
7.9023,22.980600,0.003236,2.323891,907619.759220,1101.850766,515674,0,22.923415,0.012561,0.612516,141157.822379,7084.299411,2378,0
9.4882,23.004115,0.003444,2.323091,907691.830182,1101.763231,455042,0,23.050965,0.013097,0.599744,141218.633878,7081.247496,2097,0
11.0786,23.060533,0.003239,2.326025,907864.748025,1101.553548,515813,0,23.101527,0.012608,0.614708,141242.739919,7080.040387,2377,0
12.6582,23.005565,0.003240,2.326706,907696.274573,1101.758046,515718,0,22.996104,0.012473,0.608262,141192.478040,7082.560135,2378,0
14.2340,22.985568,0.003448,2.325654,907634.986041,1101.832383,455014,0,22.999953,0.013058,0.598086,141194.312784,7082.467112,2098,0
15.8108,23.006987,0.003449,2.326778,907700.633226,1101.752760,455047,0,23.075617,0.013494,0.617950,141230.386832,7080.659990,2097,0
17.3952,22.580249,0.003372,2.273270,906392.708985,1103.339531,454392,0,23.046601,0.013500,0.618376,141216.553070,7081.353670,2098,0
18.9788,23.055300,0.003149,2.326863,907848.707953,1101.573059,546146,0,22.958409,0.012021,0.603071,141174.506234,7083.461263,2517,0
20.5563,22.987870,0.003447,2.325090,907642.039881,1101.823787,455018,0,23.095510,0.013995,0.641038,141239.871372,7080.186845,2098,0
22.1427,22.992531,0.003445,2.323678,907656.326228,1101.806362,455025,0,22.983133,0.013486,0.617711,141186.293633,7082.871306,2098,0
23.7242,22.946711,0.003446,2.324606,907515.890978,1101.976921,454954,0,22.946096,0.014020,0.642154,141168.635569,7083.759771,2098,0
25.3064,23.040963,0.003239,2.325865,907804.767853,1101.626321,515780,0,23.078546,0.012470,0.607946,141231.783607,7080.588978,2377,0
26.8936,22.958232,0.003234,2.322227,907551.201251,1101.933907,515636,0,23.056294,0.012437,0.606359,141221.174629,7081.120740,2377,0
28.4748,23.098172,0.003241,2.327861,907980.106983,1101.413699,515878,0,22.953224,0.012558,0.612411,141172.034355,7083.586207,2378,0
30.0648,23.042555,0.003149,2.326893,907809.644842,1101.620463,546123,0,23.043577,0.012436,0.624025,141215.111474,7081.426529,2518,0
31.6444,23.044212,0.003148,2.326303,907814.724001,1101.614265,546126,0,23.145971,0.011961,0.600193,141263.929234,7078.976966,2518,0
33.2317,23.004271,0.003446,2.324707,907692.308985,1101.762743,455043,0,23.107072,0.013548,0.620406,141245.383512,7079.908441,2097,0
34.8100,22.953812,0.003236,2.323700,907537.654771,1101.950441,515627,0,23.025499,0.012434,0.606322,141206.492355,7081.857023,2378,0
36.3942,22.981248,0.003446,2.324449,907621.743589,1101.848389,455008,0,23.095524,0.013241,0.606486,141239.878178,7080.183031,2098,0
37.9778,23.007692,0.003148,2.325897,907702.794409,1101.750085,546058,0,23.138517,0.011926,0.598459,141260.375667,7079.154885,2518,0
39.5636,22.989744,0.003449,2.326396,907647.782382,1101.816892,455021,0,23.042106,0.013350,0.611465,141214.410308,7081.460439,2098,0
41.1442,23.016877,0.003242,2.328365,907730.944820,1101.716061,515737,0,23.062627,0.012335,0.601524,141224.193777,7080.968881,2378,0
42.7279,22.963695,0.003445,2.323535,907567.944385,1101.913654,454981,0,22.985659,0.013352,0.611583,141187.497869,7082.810296,2098,0
44.3090,22.990438,0.003240,2.326684,907649.912196,1101.814323,515692,0,23.116612,0.012685,0.618473,141249.931928,7079.680269,2377,0
45.8903,23.069777,0.003243,2.328877,907893.079587,1101.519338,515830,0,23.091111,0.012605,0.614677,141237.774002,7080.289319,2378,0
47.4710,23.079741,0.003448,2.326361,907923.618105,1101.482140,455158,0,23.142935,0.013338,0.610939,141262.482171,7079.050524,2098,0
49.0685,23.008650,0.003449,2.326875,907705.728041,1101.746581,455049,0,23.252919,0.013229,0.605933,141314.918603,7076.423260,2098,0
50.6529,23.022137,0.003149,2.326820,907747.067502,1101.696403,546085,0,23.245538,0.012276,0.615997,141311.399667,7076.600477,2518,0
52.2364,23.090242,0.003448,2.326371,907955.804372,1101.443093,455175,0,23.287395,0.013471,0.616899,141331.355656,7075.601335,2097,0
53.8260,23.098913,0.003242,2.328745,907982.378273,1101.410995,515880,0,23.262921,0.012203,0.594933,141319.687024,7076.183424,2377,0
55.4137,22.947477,0.003239,2.325522,907518.237823,1101.974124,515617,0,22.920422,0.013410,0.653810,141156.395251,7084.375263,2377,0
57.0023,23.048604,0.003241,2.327733,907828.185049,1101.598013,515793,0,23.122967,0.012805,0.624433,141252.961708,7079.529016,2378,0
58.5829,23.135740,0.003451,2.328349,908095.252388,1101.274066,455245,0,22.980127,0.013609,0.623342,141184.860808,7082.943756,2098,0
60.1580,23.002174,0.003451,2.327730,907685.879973,1101.770723,455039,0,23.018972,0.013297,0.609063,141203.380728,7082.013346,2098,0
61.7351,23.036081,0.003450,2.327467,907789.804781,1101.644573,455092,0,23.079421,0.013358,0.611695,141232.200616,7080.568431,2097,0
63.3179,23.146147,0.003451,2.328240,908127.147709,1101.235379,455261,0,23.128711,0.013223,0.605650,141255.700204,7079.389895,2098,0
64.9044,23.094080,0.003241,2.327784,907967.565740,1101.428908,515871,0,23.030298,0.012665,0.617474,141208.780447,7081.743374,2377,0
66.4823,23.042549,0.003240,2.327146,907809.627461,1101.620499,515782,0,23.169155,0.012689,0.618645,141274.982903,7078.424905,2377,0
68.0609,22.967238,0.003445,2.323880,907578.803302,1101.900489,454986,0,23.011413,0.013189,0.603965,141199.776770,7082.193610,2097,0
69.6453,22.967939,0.003237,2.324236,907580.952859,1101.897900,515652,0,23.008148,0.012405,0.604778,141198.220099,7082.271771,2377,0
71.2267,23.234998,0.003438,2.319814,908399.470786,1100.904749,455397,0,23.025384,0.013470,0.616994,141206.437521,7081.860820,2098,0
72.8015,23.004740,0.003238,2.325090,907693.747012,1101.761020,515717,0,23.044185,0.012294,0.599502,141215.401171,7081.409588,2378,0
74.3781,23.018725,0.003241,2.327574,907736.608684,1101.709140,515740,0,22.983769,0.012234,0.596468,141186.596830,7082.854018,2377,0
75.9617,22.988370,0.003450,2.327262,907643.573814,1101.822051,455019,0,23.002566,0.013391,0.613348,141195.558890,7082.406101,2098,0
77.5471,23.054558,0.003241,2.327375,907846.432803,1101.575850,515803,0,22.994098,0.012285,0.599091,141191.521318,7082.607233,2378,0
79.1253,23.095653,0.003450,2.327931,907972.387272,1101.423067,455183,0,22.889278,0.013574,0.621751,141141.546862,7085.117255,2098,0
80.7137,23.022359,0.003448,2.325958,907747.746633,1101.695528,455070,0,22.893521,0.013263,0.607515,141143.569661,7085.014299,2098,0
82.2992,23.349925,0.003217,2.311575,908751.714691,1100.477535,516318,0,22.981011,0.012259,0.597810,141185.282164,7082.920101,2378,0
83.8878,23.253664,0.003230,2.320872,908456.681637,1100.835478,516150,0,22.946379,0.012779,0.623174,141168.770704,7083.751051,2378,0
85.4653,22.970092,0.003239,2.326254,907587.552899,1101.890004,515656,0,22.904127,0.012424,0.605855,141148.626537,7084.760303,2378,0
87.0430,22.952699,0.003444,2.322698,907534.244343,1101.954524,454963,0,22.983216,0.013081,0.599178,141186.333457,7082.867493,2098,0
88.6230,23.017010,0.003237,2.324930,907731.351660,1101.715367,515738,0,22.957213,0.012418,0.605418,141173.935790,7083.490114,2377,0
90.2022,22.960367,0.003448,2.325812,907557.746840,1101.926168,454976,0,22.919354,0.013368,0.612310,141155.886096,7084.396568,2098,0
91.7832,22.951728,0.003440,2.320008,907531.266685,1101.957983,454962,0,22.978008,0.013364,0.612133,141183.850467,7082.993327,2098,0
93.3644,23.049241,0.003449,2.326948,907830.137312,1101.595598,455112,0,22.866827,0.013396,0.613447,141130.842851,7085.653791,2097,0
94.9515,22.998532,0.003148,2.326190,907674.719167,1101.784181,546041,0,22.983315,0.012069,0.605604,141186.380540,7082.865766,2518,0
96.5388,22.953151,0.003236,2.323749,907535.628720,1101.952904,515626,0,22.924906,0.012279,0.598758,141158.532885,7084.262405,2378,0
98.1252,22.995313,0.003237,2.324885,907664.851871,1101.796083,515700,0,22.961578,0.012438,0.606408,141176.017193,7083.385780,2377,0
99.7036,22.977053,0.003240,2.326415,907608.885408,1101.864114,515668,0,22.901280,0.012668,0.617645,141147.268765,7084.829617,2377,0
101.2873,23.015257,0.003447,2.325480,907725.980680,1101.721918,455060,0,22.948052,0.013428,0.615047,141169.568529,7083.710200,2098,0
102.8735,23.020899,0.003148,2.326464,907743.270731,1101.700990,546082,0,22.924069,0.012347,0.619442,141158.133940,7084.284466,2517,0
104.4502,23.272157,0.003436,2.319091,908513.359399,1100.766697,455455,0,22.876556,0.012848,0.588505,141135.481500,7085.418494,2098,0
106.0356,22.994150,0.003237,2.324801,907661.289485,1101.800403,515698,0,22.942285,0.012340,0.601636,141166.818874,7083.846866,2377,0
107.6208,22.937017,0.003234,2.322386,907486.180426,1102.012870,515598,0,22.980346,0.012711,0.619705,141184.965227,7082.938157,2377,0
109.2055,22.914794,0.003142,2.321312,907418.067726,1102.095529,545886,0,23.018597,0.011795,0.591882,141203.202007,7082.020651,2518,0
110.7850,23.033440,0.003453,2.329567,907781.709445,1101.654520,455088,0,22.990591,0.013297,0.609075,141189.849303,7082.692088,2098,0
112.3680,22.934423,0.003445,2.323568,907478.227904,1102.022597,454936,0,23.023698,0.012982,0.594605,141205.633631,7081.898951,2098,0
113.9563,23.016654,0.003151,2.328522,907730.261091,1101.716900,546075,0,22.995344,0.011991,0.601570,141192.115588,7082.577672,2517,0
115.5411,22.963678,0.003448,2.325998,907567.892273,1101.913860,454980,0,22.885731,0.013356,0.611735,141139.855910,7085.201144,2098,0
117.1275,22.929483,0.003444,2.322822,907463.088963,1102.040938,454928,0,22.941520,0.013441,0.615672,141166.454089,7083.866540,2098,0
118.7095,22.925155,0.003442,2.321634,907449.822216,1102.056981,454921,0,23.026907,0.013091,0.599610,141207.163842,7081.822688,2098,0
120.2969,22.932000,0.003146,2.324145,907470.804042,1102.031646,545918,0,23.120129,0.012350,0.619595,141251.608696,7079.596345,2517,0
121.8809,22.899486,0.003139,2.318825,907371.149663,1102.152373,545859,0,23.016410,0.012144,0.609406,141202.158890,7082.074662,2518,0
123.4644,22.918444,0.003440,2.320126,907429.252881,1102.081875,454911,0,23.039732,0.013442,0.615704,141213.278089,7081.517636,2098,0
125.0464,22.993538,0.003447,2.325380,907659.412251,1101.802715,455027,0,23.117530,0.013168,0.603160,141250.369781,7079.656816,2098,0
126.6266,22.906362,0.003438,2.319049,907392.225335,1102.126786,454893,0,23.033956,0.013258,0.607268,141210.524199,7081.654909,2098,0
128.2088,22.960597,0.003444,2.322892,907558.450724,1101.925143,454975,0,23.086797,0.013491,0.617950,141235.717200,7080.392755,2098,0
129.7896,22.964325,0.003237,2.324641,907569.875369,1101.911373,515646,0,23.057190,0.012689,0.618635,141221.601574,7081.100547,2377,0
131.3714,23.010556,0.003452,2.328528,907711.570041,1101.739586,455053,0,23.053422,0.013307,0.609497,141219.805364,7081.189704,2098,0
132.9556,22.956299,0.003444,2.323154,907545.278631,1101.941152,454969,0,23.094296,0.013521,0.619169,141239.292621,7080.213639,2097,0
134.5389,22.964912,0.003442,2.322002,907571.675960,1101.909034,454982,0,22.970721,0.012752,0.584104,141180.376326,7083.164919,2098,0
136.1255,22.983129,0.003445,2.323522,907627.509550,1101.841336,455011,0,22.895901,0.013213,0.605189,141144.704436,7084.957102,2098,0
137.7098,22.952206,0.003451,2.327429,907532.733092,1101.956634,454963,0,22.967336,0.013410,0.614220,141178.762343,7083.248808,2098,0
139.2902,22.933981,0.003234,2.322218,907476.873940,1102.024162,515593,0,22.953960,0.012717,0.620159,141172.385126,7083.569386,2378,0
140.8769,22.957807,0.003446,2.324588,907549.897679,1101.935627,454972,0,23.105376,0.013021,0.596395,141244.574897,7079.946616,2098,0
142.4531,22.904596,0.003140,2.319893,907386.812454,1102.133410,545868,0,22.939940,0.012011,0.602570,141165.700774,7083.903059,2517,0
144.0356,22.915985,0.003439,2.319733,907421.718652,1102.091003,454907,0,22.978524,0.013559,0.621047,141184.096143,7082.981888,2098,0
145.6190,22.878596,0.003229,2.318022,907307.122788,1102.230104,515497,0,22.971765,0.012442,0.606754,141180.873957,7083.142136,2378,0
147.1882,23.218272,0.003237,2.325300,908348.207681,1100.967199,516088,0,22.921764,0.012419,0.605485,141157.034897,7084.338241,2377,0
148.7677,22.938891,0.003445,2.323962,907491.923692,1102.005988,454942,0,22.962025,0.013138,0.601763,141176.230038,7083.374643,2098,0
150.3540,22.924778,0.003331,2.320168,907448.666375,1102.058300,485249,0,23.108971,0.012582,0.595216,141246.289060,7079.860590,2238,0
151.9369,22.894359,0.003437,2.318345,907355.436204,1102.171432,454874,0,23.249212,0.013529,0.619540,141313.151028,7076.513114,2097,0
153.5272,22.947138,0.003141,2.320790,907517.198769,1101.975111,545946,0,23.023957,0.012173,0.610695,141205.757171,7081.894319,2517,0
155.1135,23.030771,0.003237,2.324944,907773.528981,1101.664178,515762,0,22.985949,0.012335,0.601497,141187.636454,7082.802355,2378,0
156.7009,22.980399,0.003335,2.323670,907619.142461,1101.851502,485340,0,23.072089,0.012896,0.610093,141228.705172,7080.743521,2238,0
158.2823,22.880683,0.003229,2.318384,907313.518774,1102.222355,515500,0,23.025014,0.012288,0.599102,141206.261360,7081.867901,2377,0
159.8653,23.089058,0.003451,2.328137,907952.174955,1101.447599,455173,0,23.033262,0.013803,0.632229,141210.193687,7081.673975,2098,0
161.4456,23.066614,0.003450,2.327259,907883.386074,1101.531005,455139,0,23.028722,0.013414,0.614436,141208.029107,7081.780744,2098,0
163.0346,23.067887,0.003146,2.325285,907887.286438,1101.526158,546169,0,23.086862,0.012229,0.613630,141235.748079,7080.390786,2518,0
164.6196,22.913392,0.003141,2.320874,907413.769055,1102.100725,545884,0,23.054566,0.012239,0.614144,141220.350576,7081.162828,2518,0
166.2025,23.384724,0.003420,2.308832,908858.369547,1100.348231,455628,0,23.174407,0.013479,0.617388,141277.486517,7078.299333,2098,0
167.7800,22.937965,0.003440,2.319965,907489.086282,1102.009201,454941,0,23.006470,0.012945,0.592917,141197.419812,7082.310772,2098,0
169.3612,22.982132,0.003340,2.326800,907624.454405,1101.845235,485343,0,23.099774,0.012978,0.613955,141241.904027,7080.082216,2238,0
170.9464,22.812928,0.003422,2.307832,907105.855156,1102.474080,454750,0,22.960005,0.013414,0.614428,141175.266901,7083.424214,2098,0
172.5281,22.954199,0.003447,2.325207,907538.842446,1101.949086,454966,0,22.990836,0.012901,0.590922,141189.966174,7082.684461,2098,0
174.1141,22.956838,0.003444,2.322945,907546.930254,1101.939134,454970,0,23.041235,0.012951,0.593197,141213.994589,7081.479504,2098,0
175.6924,23.288350,0.003436,2.319198,908562.991107,1100.706570,455479,0,22.901854,0.013518,0.619171,141147.542870,7084.816015,2098,0
177.2735,22.915961,0.003435,2.316729,907421.644197,1102.090919,454908,0,22.949076,0.012934,0.592410,141170.056398,7083.683508,2098,0
178.8592,22.990645,0.003445,2.324000,907650.545813,1101.813398,455022,0,23.000839,0.013530,0.619732,141194.735210,7082.448046,2098,0
180.4481,22.984837,0.003147,2.325706,907632.744776,1101.835107,546015,0,22.983150,0.012145,0.609335,141186.301622,7082.870083,2517,0
182.0332,22.973559,0.003442,2.321879,907598.176685,1101.876852,454996,0,22.999303,0.013261,0.607278,141194.002902,7082.483548,2097,0
183.6120,22.904151,0.003441,2.320518,907385.446031,1102.135105,454889,0,22.954894,0.013361,0.612009,141172.830148,7083.546235,2098,0
185.1960,22.977403,0.003238,2.324907,907609.959826,1101.862722,515669,0,22.967271,0.012055,0.587735,141178.731437,7083.247791,2377,0
186.7805,22.974125,0.003237,2.324162,907599.913459,1101.874876,515663,0,22.943876,0.012218,0.595793,141167.577203,7083.808242,2378,0
188.3512,22.920364,0.003442,2.321423,907435.139678,1102.074801,454914,0,22.972234,0.013177,0.603536,141181.097558,7083.130601,2098,0
189.9272,22.952399,0.003445,2.323543,907533.325298,1101.955689,454964,0,23.006303,0.012907,0.591173,141197.340430,7082.314585,2098,0
191.5116,23.139340,0.003238,2.325695,908106.285740,1101.260531,515951,0,22.959396,0.012476,0.608388,141174.976579,7083.438183,2378,0
193.0945,22.926424,0.003444,2.323179,907453.711735,1102.052347,454923,0,23.157073,0.012973,0.594198,141269.222254,7078.711153,2098,0
194.6800,23.014018,0.003240,2.326454,907722.180818,1101.726587,515732,0,23.021028,0.012763,0.622240,141204.360731,7081.965503,2377,0
196.2624,22.960363,0.003145,2.323661,907557.733774,1101.926058,545971,0,23.040986,0.012117,0.608017,141213.876019,7081.486894,2518,0
197.8450,22.942631,0.003447,2.324673,907503.386504,1101.992109,454949,0,22.998694,0.013148,0.602233,141193.712469,7082.497617,2098,0
199.4298,22.977010,0.003238,2.325319,907608.756254,1101.864207,515668,0,22.985637,0.012877,0.627949,141187.487604,7082.812447,2378,0
201.0114,22.878567,0.003438,2.318492,907307.034598,1102.230239,454850,0,22.984661,0.013137,0.601722,141187.022468,7082.833174,2098,0
202.5941,22.887673,0.003440,2.319983,907334.944768,1102.196419,454864,0,23.023441,0.013317,0.609961,141205.511355,7081.906578,2098,0
204.1785,22.991474,0.003448,2.326010,907653.085709,1101.810432,455023,0,23.009905,0.013411,0.614296,141199.057608,7082.230696,2098,0
205.7648,22.919512,0.003145,2.323756,907432.526576,1102.078110,545896,0,23.003562,0.012334,0.618909,141196.033595,7082.382844,2518,0
207.3528,23.040231,0.003341,2.328090,907802.522006,1101.629176,485438,0,22.964503,0.012679,0.599675,141177.411640,7083.315154,2237,0
208.9365,22.898344,0.003445,2.323461,907367.648793,1102.156894,454880,0,22.934267,0.013443,0.615606,141162.996254,7084.040057,2097,0
210.5196,22.987725,0.003445,2.323691,907641.596337,1101.824244,455018,0,23.021575,0.013566,0.621383,141204.621488,7081.952336,2098,0
212.1023,22.941404,0.003442,2.321824,907499.626481,1101.996509,454946,0,22.931414,0.013094,0.599779,141161.636019,7084.106768,2098,0
213.6849,22.988248,0.003446,2.324272,907643.198848,1101.822333,455019,0,22.973639,0.013014,0.596111,141181.767218,7083.096282,2098,0
215.2670,22.985717,0.003447,2.325462,907635.440300,1101.831821,455014,0,22.923541,0.013210,0.604914,141157.882133,7084.295660,2097,0
216.8497,22.957321,0.003145,2.323660,907548.408789,1101.937381,545966,0,22.976213,0.012016,0.602836,141182.994591,7083.035360,2517,0
218.4263,23.004374,0.003447,2.325248,907692.624558,1101.762392,455043,0,23.010343,0.013199,0.604570,141199.266552,7082.219256,2098,0
220.0102,22.965978,0.003144,2.323321,907574.943434,1101.905143,545981,0,22.937186,0.012185,0.611337,141164.387851,7083.969805,2517,0
221.5941,22.950640,0.003441,2.321064,907527.932246,1101.962093,454961,0,23.001465,0.013472,0.617077,141195.034001,7082.432793,2098,0
223.1773,22.867470,0.003437,2.318084,907273.021391,1102.271538,454832,0,23.016412,0.013247,0.606759,141202.159885,7082.074357,2098,0
224.7559,23.030009,0.003447,2.325419,907771.193660,1101.667040,455082,0,22.939788,0.013551,0.620709,141165.628483,7083.908484,2098,0
226.3378,22.998543,0.003448,2.325680,907674.750904,1101.784113,455034,0,22.951822,0.013132,0.601487,141171.365856,7083.618684,2098,0
227.9139,22.959098,0.003444,2.322978,907553.857242,1101.930726,454973,0,23.019157,0.013429,0.615099,141203.468606,7082.009533,2098,0
229.4957,22.970417,0.003443,2.322431,907588.548156,1101.888574,454991,0,22.985973,0.013328,0.610487,141187.647758,7082.802669,2098,0
231.0754,22.863527,0.003435,2.316648,907260.938125,1102.286135,454827,0,23.047498,0.013187,0.604015,141216.980942,7081.330791,2098,0
232.6552,22.949755,0.003449,2.326257,907525.219451,1101.965689,454959,0,23.012745,0.013253,0.607030,141200.411767,7082.162059,2098,0
234.2365,22.883498,0.003438,2.318405,907322.148378,1102.211873,454858,0,22.935550,0.013051,0.597789,141163.607813,7084.007626,2098,0
235.8169,23.045905,0.003152,2.329690,907819.912983,1101.608165,546128,0,22.931519,0.012070,0.605658,141161.685804,7084.104845,2518,0
237.3966,23.298730,0.003433,2.316755,908594.803675,1100.667889,455495,0,22.901377,0.013521,0.619294,141147.315234,7084.827455,2098,0
238.9759,23.326244,0.003427,2.313275,908679.132892,1100.565538,455538,0,22.931240,0.013015,0.596141,141161.553015,7084.110582,2098,0
240.5580,23.289901,0.003432,2.316499,908567.744234,1100.700656,455482,0,23.026189,0.013509,0.618768,141206.821215,7081.841754,2098,0
242.1414,23.314317,0.003431,2.315743,908642.578096,1100.609958,455520,0,22.898181,0.013471,0.617019,141145.791393,7084.903718,2098,0
243.7219,23.392757,0.003421,2.309178,908882.989317,1100.318444,455640,0,23.003484,0.013185,0.603908,141195.996472,7082.383222,2098,0
245.3002,23.419571,0.003408,2.300388,908965.172604,1100.218451,455682,0,23.007465,0.013155,0.602542,141197.894364,7082.287893,2098,0
246.8797,23.392173,0.003305,2.303879,908881.202371,1100.320302,486016,0,22.939782,0.012783,0.604748,141165.625316,7083.907060,2238,0
248.4556,23.327389,0.003430,2.314794,908682.643851,1100.561373,455540,0,22.944952,0.013043,0.597417,141168.090308,7083.782650,2098,0
250.0357,23.343177,0.003427,2.312848,908731.032213,1100.502656,455564,0,23.053104,0.013441,0.615509,141219.653771,7081.197902,2097,0
251.6154,23.621315,0.003353,2.264384,909583.505926,1099.468447,455992,0,23.004107,0.013107,0.600344,141196.293594,7082.367969,2098,0
253.1934,23.379751,0.003421,2.309236,908843.127487,1100.366709,455620,0,23.230191,0.012958,0.593539,141304.082554,7076.964728,2098,0
254.7752,23.612854,0.003357,2.266995,909557.573271,1099.499943,455980,0,23.133840,0.013345,0.611233,141258.145849,7079.267874,2098,0
256.3524,23.250448,0.003432,2.316338,908446.823420,1100.847162,455422,0,22.959623,0.013078,0.599007,141175.084755,7083.431840,2098,0
257.9322,23.305721,0.003430,2.315077,908616.230059,1100.641836,455506,0,23.058323,0.013069,0.598614,141222.141662,7081.071497,2098,0
259.5172,23.322983,0.003429,2.314663,908669.138779,1100.577723,455533,0,23.041387,0.013072,0.598586,141214.067111,7081.476395,2097,0
261.0954,23.282777,0.003437,2.319659,908545.910391,1100.727291,455471,0,23.064886,0.013197,0.604496,141225.271031,7080.915157,2098,0
262.6781,23.257184,0.003438,2.319900,908467.468192,1100.822351,455431,0,22.993262,0.013091,0.599605,141191.122986,7082.627264,2098,0
264.2592,23.372137,0.003421,2.308895,908819.792077,1100.394944,455609,0,22.983122,0.013424,0.614892,141186.288263,7082.871306,2098,0
265.8394,23.285197,0.003436,2.319132,908553.327493,1100.718274,455475,0,23.022744,0.013210,0.604935,141205.179123,7081.922747,2097,0
267.4169,23.169113,0.003445,2.324253,908197.538616,1101.149793,455296,0,22.997506,0.013036,0.596967,141193.146448,7082.525513,2097,0
268.9978,23.224979,0.003332,2.322530,908368.763570,1100.942123,485741,0,22.942771,0.012791,0.605129,141167.050672,7083.835567,2238,0
270.5772,23.463590,0.003400,2.294994,909100.090284,1100.054855,455750,0,22.966847,0.013353,0.611638,141178.529328,7083.260248,2098,0
272.1585,23.392115,0.003413,2.303976,908881.022416,1100.320526,455639,0,23.022048,0.013541,0.620236,141204.847247,7081.940896,2098,0
273.7339,23.332971,0.003428,2.313383,908699.751833,1100.540571,455548,0,23.078264,0.013076,0.598946,141231.648936,7080.594852,2098,0
275.3135,23.258657,0.003437,2.319775,908471.982186,1100.816874,455434,0,22.978267,0.013040,0.597301,141183.973604,7082.985701,2098,0
276.8965,23.249122,0.003440,2.321720,908442.758127,1100.852400,455420,0,23.082494,0.013513,0.618963,141233.665576,7080.495710,2098,0
278.4735,23.282572,0.003436,2.318828,908545.282155,1100.728004,455470,0,23.038831,0.013058,0.597966,141212.848626,7081.537434,2097,0
280.0528,23.328689,0.003317,2.312417,908686.625319,1100.556414,485912,0,22.993033,0.013052,0.617459,141191.013957,7082.634495,2238,0
281.6288,23.279014,0.003431,2.315376,908534.375331,1100.741019,455465,0,22.988558,0.012950,0.593005,141188.879993,7082.739151,2097,0
283.2097,23.247979,0.003441,2.322075,908439.255324,1100.856665,455417,0,22.999520,0.013301,0.609238,141194.106344,7082.478551,2098,0
284.7878,23.245557,0.003334,2.323925,908431.832032,1100.865769,485774,0,23.018586,0.013013,0.615594,141203.196444,7082.023235,2238,0
286.3713,23.319012,0.003430,2.315120,908656.966710,1100.592493,455526,0,22.999763,0.013742,0.629431,141194.222563,7082.474738,2098,0
287.9493,23.273357,0.003227,2.318304,908517.038811,1100.762193,516184,0,23.015539,0.012580,0.613474,141201.743903,7082.095879,2378,0
289.5300,23.317151,0.003431,2.315641,908651.262371,1100.599433,455524,0,23.055603,0.013024,0.596558,141220.844917,7081.136320,2098,0
291.1110,23.394724,0.003416,2.305695,908889.018242,1100.310945,455644,0,23.053576,0.013277,0.608158,141219.878693,7081.185891,2098,0
292.6896,23.261335,0.003440,2.321263,908480.191606,1100.807012,455438,0,23.052538,0.013684,0.626792,141219.383568,7081.212583,2098,0
294.2738,23.250274,0.003440,2.321158,908446.291421,1100.848086,455421,0,22.937457,0.013020,0.596358,141164.516890,7083.961868,2098,0
295.8503,23.481245,0.003397,2.293435,909154.198925,1099.989293,455776,0,22.974239,0.013661,0.625714,141182.053492,7083.084843,2098,0
297.4296,23.277532,0.003437,2.319477,908529.834137,1100.746758,455462,0,22.885392,0.013247,0.606774,141139.694297,7085.208770,2098,0
299.0086,23.237373,0.003442,2.322572,908406.749718,1100.896087,455402,0,23.002306,0.013699,0.627471,141195.434895,7082.413727,2098,0
300.5884,23.191644,0.003445,2.324440,908266.593584,1101.066082,455331,0,22.934816,0.013387,0.613180,141163.257903,7084.026692,2098,0
302.1671,23.194728,0.003447,2.326275,908276.046325,1101.054729,455336,0,23.019601,0.013247,0.606781,141203.680462,7081.998093,2098,0
303.7484,23.210950,0.003447,2.325807,908325.766023,1100.994431,455360,0,23.049421,0.013234,0.606157,141217.897774,7081.285033,2098,0
305.3314,23.282507,0.003433,2.317216,908545.083118,1100.728152,455471,0,22.969231,0.013315,0.609865,141179.665770,7083.203051,2098,0
306.9162,23.235364,0.003439,2.320963,908400.592754,1100.903456,455398,0,23.025526,0.013379,0.612792,141206.505164,7081.857007,2098,0
308.4988,23.287640,0.003433,2.317204,908560.814039,1100.709092,455478,0,22.936370,0.013177,0.603540,141163.998792,7083.988561,2098,0
310.0827,23.094510,0.003449,2.326609,907968.885029,1101.427239,455181,0,22.990710,0.013084,0.599298,141189.906266,7082.688275,2098,0
311.6604,23.245288,0.003437,2.319618,908431.008286,1100.866517,455414,0,23.024131,0.012944,0.592734,141205.840249,7081.888412,2097,0
313.2352,23.593024,0.003360,2.268621,909496.795137,1099.573513,455948,0,22.935167,0.013556,0.620917,141163.425195,7084.019066,2098,0
314.8152,23.311292,0.003428,2.313432,908633.306229,1100.621055,455515,0,23.036204,0.013339,0.610977,141211.596019,7081.601525,2098,0
316.3944,23.285659,0.003437,2.319604,908554.741830,1100.716588,455475,0,23.036785,0.013036,0.597113,141211.873104,7081.586273,2098,0
317.9737,23.279027,0.003434,2.317599,908534.417681,1100.741096,455466,0,22.872973,0.013283,0.608413,141133.772931,7085.506196,2098,0
319.5519,23.475440,0.003401,2.295781,909136.408895,1100.010953,455768,0,23.008557,0.013025,0.596587,141198.414978,7082.261201,2098,0
321.1328,23.162898,0.003447,2.325844,908178.488866,1101.172983,455287,0,22.988397,0.013501,0.618384,141188.803440,7082.745472,2098,0
322.7140,23.308872,0.003431,2.315802,908625.890167,1100.630176,455511,0,22.990721,0.013146,0.602134,141189.911669,7082.688275,2098,0
324.2978,23.309535,0.003431,2.315335,908627.920511,1100.627689,455512,0,22.922023,0.013153,0.602445,141157.158526,7084.331745,2098,0
325.8766,23.214689,0.003444,2.323942,908337.224373,1100.980433,455366,0,22.937154,0.013107,0.600337,141164.372612,7083.969495,2098,0
327.4593,23.271358,0.003439,2.320713,908510.911818,1100.769757,455453,0,23.065017,0.013041,0.597340,141225.333257,7080.911344,2098,0
329.0399,23.299938,0.003223,2.315641,908598.506413,1100.663339,516231,0,23.024971,0.012607,0.614785,141206.240618,7081.870479,2378,0
330.6184,23.151301,0.003446,2.324884,908142.944205,1101.216028,455269,0,23.076375,0.013214,0.605233,141230.748352,7080.640610,2098,0
332.1951,23.235456,0.003445,2.325016,908400.873966,1100.903350,455398,0,23.022649,0.013343,0.611174,141205.133453,7081.925643,2098,0
333.7739,23.320912,0.003429,2.314631,908662.790748,1100.585410,455530,0,22.970822,0.013299,0.609139,141180.424311,7083.164919,2098,0
335.3548,23.203907,0.003440,2.321096,908304.178417,1101.020325,455349,0,22.999745,0.013066,0.598319,141194.213649,7082.472103,2097,0
336.9312,23.330575,0.003429,2.314215,908692.407301,1100.549514,455544,0,22.951106,0.013100,0.599879,141171.024221,7083.635670,2097,0
338.5172,23.125015,0.003448,2.326544,908062.381351,1101.313827,455229,0,22.920179,0.013518,0.619155,141156.279477,7084.377502,2098,0
340.0928,23.221642,0.003444,2.324378,908358.534589,1100.954629,455377,0,22.995641,0.013022,0.596476,141192.257232,7082.570067,2098,0
341.6719,23.172964,0.003240,2.327090,908209.341614,1101.135647,516009,0,23.046072,0.012585,0.613686,141216.300855,7081.365854,2378,0
343.2470,23.267053,0.003439,2.321022,908497.717651,1100.785762,455446,0,23.070548,0.013612,0.623463,141227.970452,7080.781697,2098,0
344.8319,23.445905,0.003406,2.299413,909045.885116,1100.120705,455722,0,23.254836,0.013229,0.605944,141315.832449,7076.377502,2098,0
346.4109,23.117489,0.003450,2.328043,908039.313877,1101.341892,455217,0,23.172657,0.013510,0.618829,141276.652302,7078.341277,2098,0
347.9888,23.234292,0.003233,2.322599,908397.307533,1100.907532,516116,0,23.087436,0.012561,0.612407,141236.021720,7080.376946,2377,0
349.5638,23.291722,0.003433,2.316586,908573.326505,1100.693898,455485,0,23.062987,0.013277,0.608127,141224.365620,7080.960915,2098,0
351.1389,23.254761,0.003440,2.321294,908460.043301,1100.831429,455428,0,22.933523,0.013290,0.608743,141162.641286,7084.057197,2098,0
352.7278,23.203361,0.003444,2.324178,908302.505287,1101.022532,455348,0,22.963731,0.012880,0.589977,141177.043406,7083.332698,2098,0
354.3086,23.281951,0.003227,2.318340,908543.376774,1100.730284,516199,0,22.906353,0.012306,0.600076,141149.687754,7084.706476,2378,0
355.8912,23.308269,0.003324,2.316768,908624.041156,1100.632472,485878,0,22.913257,0.012801,0.605466,141152.979174,7084.541797,2237,0
357.4651,23.394038,0.003415,2.305428,908886.916002,1100.313474,455642,0,22.952201,0.013452,0.616174,141171.546643,7083.611058,2098,0
359.0486,23.304169,0.003435,2.318188,908611.476030,1100.647775,455504,0,22.983019,0.013723,0.628556,141186.239586,7082.875119,2098,0
360.6265,23.364984,0.003216,2.310981,908797.868830,1100.421610,516344,0,23.003252,0.012338,0.601683,141195.885794,7082.388562,2378,0
362.1989,23.370876,0.003419,2.307880,908815.928353,1100.399564,455607,0,22.916645,0.013368,0.612297,141154.594498,7084.461392,2098,0
363.7776,23.313674,0.003427,2.313099,908640.608221,1100.612191,455518,0,22.937473,0.013110,0.600477,141164.524804,7083.961868,2098,0
365.3542,23.277101,0.003439,2.320744,908528.511699,1100.748434,455463,0,23.013799,0.012919,0.591735,141200.914367,7082.135367,2098,0
366.9332,23.317922,0.003431,2.315770,908653.625723,1100.596578,455525,0,22.948297,0.013428,0.614924,141169.684989,7083.704340,2097,0
368.5140,23.401059,0.003413,2.303898,908908.436601,1100.287333,455653,0,23.062365,0.013360,0.611933,141224.068721,7080.976168,2098,0
370.0933,23.212853,0.003442,2.322454,908331.598360,1100.987166,455364,0,22.976435,0.013473,0.617098,141183.100313,7083.031459,2098,0
371.6732,23.322798,0.003434,2.317506,908668.570450,1100.578576,455532,0,22.888088,0.013180,0.603701,141140.979663,7085.143947,2098,0
373.2547,23.304497,0.003434,2.317627,908612.478595,1100.646528,455504,0,23.056316,0.013422,0.614780,141221.184692,7081.121068,2098,0
374.8330,23.374408,0.003420,2.308386,908826.752478,1100.386487,455612,0,22.973907,0.012737,0.583405,141181.895046,7083.088656,2098,0
376.4039,23.485413,0.003398,2.293794,909166.974592,1099.973856,455783,0,23.086069,0.013012,0.595991,141235.370007,7080.408008,2098,0
377.9861,23.354759,0.003427,2.312813,908766.528730,1100.459667,455582,0,23.093424,0.013099,0.599986,141238.876830,7080.232602,2098,0
379.5555,23.320132,0.003225,2.317523,908660.401491,1100.588472,516266,0,23.085977,0.012271,0.598388,141235.326502,7080.410429,2378,0
381.1354,23.393878,0.003414,2.304269,908886.425767,1100.314001,455642,0,23.191743,0.013139,0.601797,141285.752188,7077.883699,2098,0
382.7114,23.338294,0.003424,2.310957,908716.065697,1100.520672,455557,0,23.099969,0.013118,0.600839,141241.997232,7080.076263,2098,0
384.2924,23.457446,0.003106,2.297089,909081.258347,1100.077764,546888,0,22.879468,0.012034,0.603853,141136.869767,7085.350278,2518,0
385.8718,23.428978,0.003411,2.302372,908994.004612,1100.183666,455696,0,22.891840,0.013336,0.610708,141142.768266,7085.054840,2097,0
387.4467,23.352516,0.003425,2.311783,908759.654507,1100.467932,455579,0,22.864319,0.013009,0.595864,141129.647263,7085.712107,2098,0
389.0229,23.294752,0.003433,2.317033,908582.610887,1100.682676,455490,0,22.930513,0.013387,0.613199,141161.206343,7084.129647,2098,0
390.6097,23.360472,0.003424,2.311132,908784.038069,1100.438367,455591,0,22.977954,0.013076,0.598943,141183.824738,7082.993327,2098,0
392.1863,23.328274,0.003428,2.313392,908685.354515,1100.558009,455541,0,22.907250,0.013406,0.614036,141150.115507,7084.686368,2098,0
393.7681,23.377869,0.003419,2.307559,908837.361447,1100.373594,455618,0,22.953966,0.013510,0.618799,141172.387713,7083.569113,2098,0
395.3506,23.339357,0.003215,2.310215,908719.322664,1100.516685,516299,0,22.937846,0.012304,0.599988,141164.702634,7083.952902,2378,0
396.9260,23.350771,0.003424,2.310856,908754.307738,1100.474353,455576,0,22.960586,0.013480,0.617273,141175.543914,7083.410587,2097,0
398.5007,23.409989,0.003417,2.306860,908935.806943,1100.254370,455667,0,22.844650,0.013451,0.616089,141120.269794,7086.184938,2098,0
400.0759,23.358208,0.003421,2.308940,908777.100392,1100.446641,455587,0,22.882916,0.013632,0.624388,141138.513867,7085.269781,2098,0
401.6560,23.351747,0.003429,2.314379,908757.297173,1100.470937,455577,0,22.933229,0.013419,0.614651,141162.501054,7084.064824,2098,0
403.2441,23.275910,0.003437,2.319850,908524.862292,1100.752804,455460,0,22.971445,0.013218,0.605454,141180.721168,7083.149666,2098,0
404.8241,23.193725,0.003238,2.325769,908272.971402,1101.058427,516045,0,22.914909,0.012901,0.629110,141153.766661,7084.504626,2378,0
406.4087,22.908995,0.003142,2.321215,907400.294270,1102.117111,545876,0,22.834593,0.011957,0.600021,141115.474862,7086.424146,2518,0
407.9860,22.926075,0.003441,2.321095,907452.641935,1102.053526,454923,0,23.014084,0.013584,0.622191,141201.050002,7082.131554,2098,0
409.5670,22.982881,0.003445,2.323603,907626.749736,1101.842263,455010,0,23.073366,0.013329,0.610527,141229.313686,7080.713060,2098,0
411.1519,22.930327,0.003233,2.321698,907465.675620,1102.037732,515587,0,23.003116,0.013053,0.636513,141195.820931,7082.395290,2378,0
412.7393,22.975334,0.003233,2.321639,907603.619525,1101.870230,515665,0,23.098386,0.012395,0.604315,141241.242676,7080.114430,2377,0
414.3269,23.045051,0.003243,2.328772,907817.295099,1101.611288,515786,0,23.065344,0.012549,0.611933,141225.488980,7080.904962,2378,0
415.9130,22.956969,0.003143,2.322178,907547.330420,1101.938604,545964,0,23.064869,0.011932,0.598720,141225.262890,7080.915012,2518,0
417.4955,22.836170,0.003225,2.315451,907177.089727,1102.387949,515423,0,23.140555,0.012678,0.618098,141261.347252,7079.108119,2377,0
419.0786,22.878167,0.003227,2.317168,907305.807416,1102.231653,515496,0,22.988310,0.012179,0.593909,141188.761882,7082.745164,2378,0
420.6687,22.847500,0.003221,2.312204,907211.816573,1102.345563,515443,0,22.998817,0.012673,0.617978,141193.771543,7082.496215,2378,0
422.2502,22.863488,0.003230,2.318920,907260.817144,1102.286414,515471,0,22.995329,0.012340,0.601653,141192.108263,7082.578040,2377,0
423.8354,22.820529,0.003221,2.312568,907129.153003,1102.446038,515395,0,23.058324,0.012727,0.620495,141222.142304,7081.073622,2377,0
425.4213,22.876853,0.003435,2.316530,907301.782074,1102.236506,454847,0,23.085216,0.013564,0.621289,141234.963385,7080.430887,2098,0
427.0025,22.929001,0.003442,2.321292,907461.611261,1102.042644,454928,0,22.967817,0.013424,0.614854,141178.991809,7083.237369,2098,0
428.5868,22.909770,0.003439,2.319802,907402.669144,1102.114144,454898,0,23.037196,0.013528,0.619625,141212.069151,7081.578646,2098,0
430.1714,23.014887,0.003241,2.327570,907724.846963,1101.723416,515734,0,23.044806,0.012585,0.613705,141215.697153,7081.396131,2378,0
431.7566,22.963648,0.003446,2.324681,907567.800228,1101.913895,454980,0,23.082371,0.012855,0.588815,141233.607070,7080.495710,2098,0
433.3443,23.006608,0.003146,2.324637,907699.469865,1101.754047,546056,0,23.068894,0.012747,0.639629,141227.181923,7080.822875,2518,0
434.9338,22.899731,0.003438,2.319033,907371.901071,1102.151472,454883,0,23.066676,0.013380,0.612865,141226.124022,7080.873213,2098,0
436.5247,22.941443,0.003236,2.323641,907499.745743,1101.996470,515606,0,23.001523,0.012352,0.602228,141195.061581,7082.429954,2377,0
438.1095,23.110351,0.003149,2.327532,908017.435487,1101.368399,546247,0,23.184472,0.012125,0.608292,141282.285502,7078.058006,2517,0
439.6954,23.116119,0.003448,2.326293,908035.114969,1101.346883,455214,0,23.115312,0.013251,0.606964,141249.312050,7079.710200,2098,0
441.2813,22.943138,0.003141,2.321178,907504.938936,1101.990021,545940,0,23.090286,0.012104,0.607252,141237.380839,7080.308304,2517,0
442.8695,22.964708,0.003237,2.324404,907571.049009,1101.909935,515647,0,23.120250,0.012603,0.614593,141251.666606,7079.592935,2378,0
444.4534,23.077152,0.003451,2.327948,907915.681866,1101.491861,455155,0,23.209592,0.012957,0.593476,141294.261626,7077.456625,2098,0
446.0401,22.942790,0.003443,2.322036,907503.872153,1101.991366,454948,0,23.155208,0.013245,0.606689,141268.333254,7078.756911,2098,0
447.6261,23.031874,0.003450,2.327131,907776.907915,1101.660205,455086,0,23.124363,0.013014,0.596082,141253.627374,7079.492850,2098,0
449.2105,22.927132,0.003234,2.322484,907455.881263,1102.049672,515581,0,23.109818,0.012529,0.610968,141246.692754,7079.841884,2378,0
450.7926,22.983600,0.003238,2.325452,907628.953515,1101.839695,515679,0,23.128113,0.012450,0.606970,141255.415535,7079.404291,2377,0
452.3781,22.942575,0.003442,2.321344,907503.212791,1101.992127,454949,0,23.070977,0.013349,0.611454,141228.174811,7080.770257,2098,0
453.9645,22.907946,0.003145,2.323271,907397.080078,1102.121134,545874,0,23.202497,0.012410,0.622626,141290.879156,7077.628923,2517,0
455.5522,23.010779,0.003240,2.326423,907712.254547,1101.738633,515727,0,23.173081,0.012736,0.621044,141276.854455,7078.331371,2378,0
457.1389,22.880262,0.003137,2.317712,907312.229973,1102.223882,545824,0,23.163346,0.012267,0.615424,141272.212984,7078.563369,2517,0
458.7287,22.986698,0.003445,2.323994,907638.446954,1101.828085,455016,0,23.159791,0.012999,0.595397,141270.518357,7078.646330,2098,0
460.3079,22.924809,0.003235,2.322719,907448.762945,1102.058331,515577,0,23.066445,0.012505,0.609667,141226.013930,7080.878418,2377,0
461.8922,22.846644,0.003224,2.314380,907209.191967,1102.348878,515441,0,23.161406,0.012804,0.624374,141271.288206,7078.610597,2378,0
463.4669,22.963556,0.003450,2.327046,907567.518737,1101.914374,454981,0,22.966068,0.012944,0.592751,141178.157506,7083.277062,2097,0
465.0514,22.894272,0.003443,2.322169,907355.169977,1102.171977,454874,0,23.013407,0.013380,0.612839,141200.727242,7082.146806,2098,0
466.6376,22.931046,0.003234,2.322436,907467.879790,1102.035098,515588,0,22.878393,0.012138,0.591784,141136.357119,7085.374842,2377,0
468.2253,23.237590,0.003232,2.321924,908407.413243,1100.895246,516122,0,22.993919,0.012328,0.601056,141191.436205,7082.611695,2377,0
469.8116,22.958431,0.003145,2.323475,907551.812025,1101.933238,545967,0,23.014950,0.012328,0.618483,141201.463244,7082.110449,2517,0
471.3989,23.053649,0.003241,2.327816,907843.649632,1101.579252,515801,0,23.029304,0.012623,0.615411,141208.306513,7081.766933,2377,0
472.9791,22.898119,0.003444,2.322946,907366.958158,1102.157703,454880,0,23.003017,0.013245,0.606670,141195.773730,7082.394662,2098,0
474.5535,22.891208,0.003233,2.320934,907345.778105,1102.183314,515519,0,23.030357,0.012256,0.597556,141208.808506,7081.740008,2377,0
476.1344,22.976362,0.003445,2.323534,907606.770453,1101.866514,455000,0,23.040178,0.013274,0.608016,141213.490911,7081.506196,2098,0
477.7245,22.895294,0.003140,2.320149,907358.300906,1102.168057,545851,0,23.068937,0.012322,0.618325,141227.202155,7080.819698,2518,0
479.3087,22.966253,0.003149,2.327103,907575.785076,1101.904341,545982,0,22.969801,0.012237,0.614043,141179.937512,7083.189833,2518,0
480.8955,22.873210,0.003226,2.316051,907290.616471,1102.250043,515487,0,22.991592,0.012650,0.616760,141190.326477,7082.668910,2377,0
482.4781,22.901850,0.003440,2.319985,907378.393988,1102.143640,454886,0,22.986240,0.013052,0.597830,141187.774914,7082.795043,2098,0
484.0635,22.824239,0.003131,2.313323,907140.521678,1102.432266,545720,0,22.978498,0.011898,0.597024,141184.083969,7082.980143,2518,0
485.6497,22.879104,0.003432,2.314747,907308.680197,1102.228022,454850,0,23.063618,0.013343,0.610997,141224.666317,7080.946113,2097,0
487.2380,22.885350,0.003226,2.316154,907327.824839,1102.204846,515508,0,23.035956,0.012658,0.617282,141211.477765,7081.608074,2378,0
488.8255,22.977452,0.003147,2.325434,907610.108695,1101.862572,546002,0,23.016871,0.012445,0.624466,141202.378924,7082.065131,2518,0
490.4118,23.034294,0.003239,2.325871,907784.325237,1101.651130,515768,0,22.991349,0.012606,0.614720,141190.210709,7082.674516,2378,0
491.9979,22.993020,0.003237,2.324907,907657.825610,1101.804614,515696,0,22.926544,0.012411,0.605084,141159.314147,7084.223812,2377,0
493.5845,22.934459,0.003231,2.320359,907478.340697,1102.022273,515594,0,22.965001,0.012375,0.603457,141177.648997,7083.303616,2378,0
495.1742,22.876432,0.003138,2.318507,907300.490058,1102.238190,545816,0,22.975086,0.012099,0.607130,141182.457033,7083.062748,2518,0
496.7609,22.912797,0.003139,2.319561,907411.947537,1102.102861,545883,0,23.036136,0.011923,0.598192,141211.563548,7081.601907,2517,0
498.3488,22.865881,0.003439,2.319390,907268.153235,1102.277528,454830,0,22.941593,0.012979,0.594476,141166.488925,7083.862726,2098,0
499.9336,22.917201,0.003234,2.321856,907425.445213,1102.086600,515564,0,23.012027,0.012602,0.614557,141200.069333,7082.179983,2378,0
501.5204,22.873708,0.003439,2.319564,907292.141483,1102.248394,454842,0,22.978182,0.013436,0.615432,141183.933070,7082.989514,2098,0
503.1046,22.803608,0.003217,2.309283,907077.289193,1102.508884,515367,0,22.957359,0.012445,0.606770,141174.005620,7083.486748,2377,0
504.6900,22.901657,0.003440,2.319988,907377.803820,1102.144357,454885,0,22.946156,0.013511,0.618849,141168.664136,7083.755958,2098,0
506.2765,22.907441,0.003232,2.320861,907395.531203,1102.122876,515546,0,23.015560,0.012682,0.618425,141201.753735,7082.095879,2378,0
507.8622,22.903003,0.003141,2.320542,907381.929069,1102.139379,545865,0,22.978136,0.012079,0.606132,141183.911553,7082.989674,2518,0
509.4485,23.030062,0.003450,2.327263,907771.354455,1101.666952,455082,0,23.044300,0.013294,0.608788,141215.456213,7081.407725,2097,0
511.0354,22.960947,0.003238,2.325222,907559.521893,1101.923978,515640,0,22.980919,0.012504,0.609771,141185.238402,7082.923465,2378,0
512.6163,22.967070,0.003338,2.325175,907578.291040,1101.901186,485318,0,22.947801,0.012889,0.609623,141169.448490,7083.715691,2237,0
514.2038,22.839907,0.003221,2.312521,907188.542461,1102.373863,515430,0,23.014041,0.012313,0.600322,141201.029648,7082.130416,2377,0
515.7884,22.942636,0.003233,2.321368,907503.399861,1101.991901,515608,0,23.041518,0.012462,0.607566,141214.129624,7081.474127,2377,0
517.3731,22.848269,0.003225,2.315599,907214.172531,1102.342897,515444,0,22.981800,0.012937,0.630730,141185.658302,7082.904501,2377,0
518.9587,22.952091,0.003447,2.324892,907532.379866,1101.956915,454963,0,22.978721,0.012910,0.591337,141184.190223,7082.974261,2098,0
520.5399,22.955621,0.003234,2.322609,907543.198792,1101.943646,515631,0,23.038888,0.012685,0.618470,141212.875979,7081.538073,2377,0
522.1255,22.916147,0.003229,2.318835,907422.215200,1102.090348,515562,0,23.089228,0.012369,0.603067,141236.876101,7080.333193,2377,0
523.7127,22.920968,0.003230,2.319529,907436.989889,1102.072444,515571,0,23.121761,0.012415,0.605424,141252.386920,7079.555929,2378,0
525.2996,23.016475,0.003336,2.324398,907729.712734,1101.717325,485399,0,23.034105,0.013029,0.616231,141210.595608,7081.652213,2237,0
526.8855,22.970067,0.003236,2.324031,907587.475353,1101.889969,515655,0,22.996953,0.012495,0.609294,141192.882576,7082.539950,2378,0
528.4733,23.003231,0.003241,2.327286,907689.121632,1101.766762,515714,0,22.968841,0.012586,0.613777,141179.479628,7083.212784,2378,0
530.0582,22.893451,0.003230,2.319346,907352.652975,1102.174871,515523,0,22.938209,0.012356,0.602427,141164.875365,7083.944468,2377,0
531.6442,22.989984,0.003237,2.324754,907648.519761,1101.815901,515691,0,22.970831,0.012270,0.598210,141180.428511,7083.163652,2377,0
533.2311,22.949650,0.003235,2.322623,907524.899664,1101.965866,515620,0,22.964208,0.012217,0.595636,141177.270774,7083.321834,2377,0
534.8193,23.016938,0.003450,2.327416,907731.130527,1101.715780,455063,0,22.942781,0.013368,0.612314,141167.055490,7083.836034,2098,0
536.4044,22.909057,0.003232,2.320762,907400.484213,1102.116854,515550,0,22.959169,0.012748,0.621664,141174.868658,7083.444912,2378,0
537.9938,22.962725,0.003238,2.324833,907564.971662,1101.917338,515644,0,22.984829,0.012360,0.602731,141187.102238,7082.829268,2378,0
539.5844,22.855130,0.003225,2.315522,907235.199849,1102.317342,515456,0,22.934032,0.012213,0.595584,141162.884048,7084.043734,2378,0
541.1750,22.871484,0.003138,2.317998,907285.324485,1102.256585,545807,0,22.851831,0.012373,0.620731,141123.693176,7086.013508,2517,0
542.7633,23.012907,0.003242,2.328085,907718.777316,1101.730813,515730,0,23.014382,0.012609,0.614764,141201.192184,7082.123685,2377,0
544.3539,22.905978,0.003230,2.319481,907391.047959,1102.128241,515545,0,22.952295,0.012451,0.607035,141171.591331,7083.607909,2377,0
545.9418,22.992548,0.003242,2.327986,907656.379239,1101.806548,515695,0,23.015759,0.012461,0.607513,141201.848849,7082.090029,2377,0
547.5236,23.002611,0.003449,2.326462,907687.220040,1101.769023,455040,0,23.019152,0.013400,0.613778,141203.466183,7082.009533,2098,0
549.1111,22.794085,0.003215,2.307818,907048.103547,1102.544275,515350,0,23.093729,0.012322,0.600902,141239.022270,7080.225399,2378,0
550.6964,22.997552,0.003237,2.324637,907671.713952,1101.787739,515704,0,22.985977,0.012471,0.608151,141187.649520,7082.802355,2378,0
552.2848,22.876368,0.003138,2.317972,907300.295615,1102.238395,545816,0,23.015712,0.011983,0.601279,141201.826319,7082.090548,2518,0
553.8675,22.856749,0.003227,2.317174,907240.162715,1102.311408,515459,0,22.957330,0.012298,0.599585,141173.991600,7083.486748,2377,0
555.4545,22.776907,0.003422,2.307220,906995.453915,1102.608242,454694,0,23.025039,0.013335,0.610793,141206.273281,7081.868446,2098,0
557.0411,22.708868,0.003295,2.294491,906786.918601,1102.861081,484895,0,23.005938,0.012771,0.604013,141197.166516,7082.324542,2237,0
558.6243,22.721107,0.003201,2.297678,906824.430205,1102.815643,515223,0,22.959534,0.012463,0.607739,141175.042383,7083.434819,2378,0
560.2102,22.792909,0.003212,2.305730,907044.497151,1102.548538,515348,0,22.889875,0.012148,0.592412,141141.831639,7085.100084,2378,0
561.8003,22.881667,0.003137,2.317561,907316.536588,1102.218641,545826,0,22.906384,0.012258,0.614976,141149.702596,7084.707191,2517,0
563.3881,22.843939,0.003226,2.316032,907200.902155,1102.359047,515437,0,23.070354,0.012338,0.601524,141227.877644,7080.784182,2377,0
564.9745,22.825005,0.003428,2.311431,907142.871707,1102.429300,454768,0,23.051458,0.013875,0.635520,141218.868917,7081.239276,2098,0
566.5664,22.860129,0.003226,2.316467,907250.523146,1102.298779,515465,0,23.064025,0.012289,0.599246,141224.860429,7080.935240,2378,0
568.1541,22.830304,0.003223,2.313639,907159.111848,1102.409692,515412,0,23.005283,0.012645,0.616634,141196.853975,7082.341463,2378,0
569.7451,22.932901,0.003233,2.321261,907473.563657,1102.028127,515591,0,22.946238,0.012409,0.605001,141168.703389,7083.752629,2377,0
571.3264,23.077395,0.003449,2.326576,907916.427357,1101.490877,455155,0,22.996390,0.012757,0.584301,141192.614249,7082.551001,2098,0
572.9125,22.952788,0.003235,2.323212,907534.516917,1101.954223,515626,0,23.010341,0.012615,0.615166,141199.265575,7082.220353,2378,0
574.5023,22.836823,0.003132,2.313825,907179.091074,1102.385423,545743,0,22.987163,0.012049,0.604592,141188.215020,7082.773630,2518,0
576.0868,22.909911,0.003332,2.320832,907403.101060,1102.113679,485224,0,23.029846,0.012660,0.598767,141208.564703,7081.752347,2237,0
577.6713,22.882404,0.003142,2.321677,907318.793500,1102.216138,545827,0,23.048124,0.012042,0.604156,141217.279203,7081.315852,2517,0
579.2610,22.821939,0.003220,2.311461,907133.473654,1102.440723,515398,0,23.077410,0.012365,0.602979,141231.242017,7080.615643,2378,0
580.8524,22.958600,0.003234,2.322293,907552.328808,1101.932542,515636,0,22.967941,0.012308,0.600198,141179.050761,7083.232969,2378,0
582.4361,22.894587,0.003230,2.319284,907356.134697,1102.170638,515524,0,22.937867,0.012755,0.621868,141164.712482,7083.954565,2377,0
584.0226,22.917907,0.003232,2.320667,907427.608329,1102.083904,515565,0,22.992559,0.012330,0.601275,141190.787909,7082.644239,2378,0
585.6046,22.952162,0.003144,2.322958,907532.597448,1101.956539,545956,0,22.948505,0.012011,0.602717,141169.784144,7083.698173,2518,0
587.1924,22.947322,0.003237,2.324107,907517.764424,1101.974617,515616,0,23.047710,0.012453,0.607127,141217.081810,7081.326041,2377,0
588.7812,22.926222,0.003232,2.320939,907453.092235,1102.052970,515579,0,23.041275,0.012522,0.610618,141214.013988,7081.480235,2378,0
590.3737,22.936480,0.003235,2.322975,907484.534794,1102.014903,515598,0,23.010802,0.012997,0.633670,141199.485413,7082.211191,2377,0
591.9601,22.840770,0.003133,2.314176,907191.187461,1102.370744,545751,0,23.012610,0.012402,0.622307,141200.347405,7082.166799,2518,0
593.5434,22.915505,0.003440,2.319863,907420.247923,1102.092797,454907,0,23.053419,0.013290,0.608752,141219.803946,7081.189704,2098,0
595.1335,22.898238,0.003232,2.320520,907367.325868,1102.157116,515531,0,23.117194,0.012776,0.622881,141250.209386,7079.666807,2377,0
596.7174,22.895153,0.003231,2.320165,907357.869962,1102.168581,515526,0,23.031845,0.012658,0.617145,141209.517937,7081.706353,2377,0
598.3040,22.902366,0.003234,2.322115,907379.977801,1102.141840,515538,0,23.040337,0.012752,0.621858,141213.566688,7081.503785,2378,0
599.8870,22.976471,0.003445,2.323877,907607.101621,1101.866132,455001,0,22.989646,0.013361,0.611992,141189.398921,7082.714967,2098,0
601.4736,22.933851,0.003233,2.321644,907476.475941,1102.024612,515593,0,22.977113,0.012459,0.607573,141183.423529,7083.014298,2378,0
603.0631,22.887442,0.003438,2.318722,907334.236296,1102.197207,454863,0,22.928956,0.013581,0.622050,141160.464143,7084.167779,2098,0
604.6470,22.845760,0.003135,2.315636,907206.482721,1102.352243,545760,0,22.925757,0.012786,0.641463,141158.938605,7084.246325,2517,0
606.2356,23.241044,0.003440,2.321687,908417.999789,1100.882402,455407,0,22.995470,0.013240,0.606289,141192.175754,7082.575107,2097,0
607.8228,23.219120,0.003234,2.323593,908350.806634,1100.963950,516089,0,22.972731,0.012626,0.615569,141181.334407,7083.119899,2377,0
609.4099,23.215018,0.003146,2.325538,908338.232378,1100.979304,546441,0,22.979891,0.012214,0.612895,141184.748145,7082.948372,2518,0
610.9969,22.928319,0.003234,2.322289,907459.519739,1102.045242,515583,0,22.969367,0.012405,0.604914,141179.730411,7083.199327,2378,0
612.5824,22.967417,0.003147,2.325608,907579.351749,1101.899924,545984,0,22.838363,0.012225,0.613431,141117.272358,7086.335187,2518,0
614.1643,23.148086,0.003240,2.327232,908133.092173,1101.228112,515966,0,22.900498,0.012551,0.612023,141146.895992,7084.847771,2378,0
615.7467,23.191173,0.003445,2.324734,908265.149231,1101.067850,455330,0,22.795905,0.013377,0.612705,141097.029962,7087.351764,2098,0
617.3345,22.922643,0.003144,2.322625,907442.123084,1102.066389,545901,0,22.857120,0.012272,0.615667,141126.215023,7085.886373,2517,0
618.9178,22.935377,0.003445,2.323948,907481.153018,1102.019066,454937,0,22.844092,0.013025,0.596614,141120.003866,7086.196378,2098,0
620.5027,22.901156,0.003232,2.320258,907376.266785,1102.146240,515536,0,22.806644,0.012651,0.616946,141102.149525,7087.095038,2378,0
622.0915,22.979977,0.003147,2.325630,907617.850011,1101.853185,546007,0,22.902821,0.011977,0.601025,141148.003497,7084.791104,2518,0
623.6776,22.957253,0.003144,2.323284,907548.200802,1101.937611,545965,0,22.909127,0.012297,0.617082,141151.009993,7084.641779,2518,0
625.2650,22.857174,0.003226,2.315869,907241.464564,1102.309751,515460,0,23.004901,0.012141,0.592058,141196.672027,7082.348192,2378,0
626.8512,22.858384,0.003228,2.317630,907245.173489,1102.305346,515461,0,22.905289,0.012609,0.614871,141149.180349,7084.733389,2378,0
628.4338,22.846062,0.003433,2.315335,907207.409299,1102.351099,454800,0,22.955294,0.013783,0.631309,141173.020835,7083.538608,2098,0
630.0238,22.863013,0.003135,2.316144,907259.361278,1102.288022,545792,0,22.924564,0.012466,0.625564,141158.370011,7084.273233,2518,0
631.6075,22.838982,0.003431,2.313723,907185.709173,1102.377375,454789,0,22.826331,0.013429,0.615116,141111.535635,7086.623451,2098,0
633.1908,22.842009,0.003323,2.314352,907194.986957,1102.366137,485113,0,22.896446,0.012715,0.601526,141144.964485,7084.943700,2238,0
634.7604,22.726632,0.003413,2.300990,906841.363158,1102.795241,454617,0,22.905300,0.013200,0.604613,141149.185527,7084.732126,2098,0
636.3482,22.907772,0.003143,2.321886,907396.546123,1102.121702,545873,0,22.907118,0.012214,0.612910,141150.052284,7084.689436,2518,0
637.9391,22.882852,0.003228,2.317447,907320.166399,1102.214225,515505,0,22.972800,0.012960,0.631864,141181.367129,7083.119899,2377,0
639.5243,22.734376,0.003204,2.299723,906865.097200,1102.766306,515246,0,22.870296,0.012646,0.616675,141132.497011,7085.571068,2378,0
641.1083,22.704798,0.003406,2.296563,906774.445677,1102.876370,454584,0,22.906633,0.013508,0.618717,141149.821044,7084.701621,2098,0
642.6944,22.861064,0.003229,2.317941,907253.388153,1102.295383,515466,0,22.907698,0.012702,0.619403,141150.328702,7084.676198,2378,0
644.2814,22.815877,0.003221,2.312046,907114.894577,1102.463337,515387,0,22.928126,0.012581,0.613360,141160.068075,7084.186790,2377,0
645.8672,22.826802,0.003224,2.314630,907148.379153,1102.422792,515407,0,22.830380,0.012612,0.615012,141113.466154,7086.526493,2378,0
647.4501,22.775963,0.003423,2.308125,906992.561420,1102.611811,454693,0,22.850915,0.012883,0.590093,141123.256824,7086.032412,2098,0
649.0356,22.815128,0.003427,2.310693,907112.597558,1102.466051,454753,0,22.960191,0.013556,0.620904,141175.355767,7083.420400,2098,0
650.6271,22.810059,0.003221,2.312600,907097.062697,1102.485042,515378,0,22.935578,0.012567,0.612684,141163.621126,7084.008414,2377,0
652.2136,22.879807,0.003326,2.316985,907310.834653,1102.225535,485176,0,22.852451,0.012837,0.607168,141123.988762,7085.997318,2237,0
653.7992,22.696686,0.003109,2.296174,906749.582273,1102.906590,545486,0,22.805543,0.011933,0.598655,141101.624942,7087.119587,2517,0
655.3906,22.848422,0.003226,2.316047,907214.640927,1102.342353,515444,0,22.834154,0.012516,0.610343,141115.265579,7086.435660,2378,0
656.9746,22.846439,0.003431,2.314080,907208.562516,1102.349625,454801,0,22.766408,0.013153,0.602326,141082.966659,7088.057225,2097,0
658.5602,22.866242,0.003330,2.319209,907269.260063,1102.276173,485153,0,22.854532,0.012983,0.614173,141124.981338,7085.948168,2238,0
660.1443,22.827932,0.003436,2.317061,907151.842347,1102.418724,454772,0,22.766099,0.013193,0.604279,141082.819133,7088.064824,2098,0
661.7299,22.903657,0.003439,2.319669,907383.932006,1102.136895,454888,0,22.841476,0.013510,0.618823,141118.756542,7086.261201,2098,0
663.3111,22.857758,0.003134,2.315275,907243.254820,1102.307541,545781,0,22.831633,0.012286,0.616369,141114.063590,7086.496623,2517,0
664.9003,22.875490,0.003327,2.317705,907297.602327,1102.241652,485169,0,22.938639,0.012664,0.598951,141165.080291,7083.933840,2237,0
666.4898,22.844169,0.003223,2.314208,907201.607197,1102.358084,515437,0,22.975807,0.012530,0.610874,141182.801109,7083.045856,2377,0
668.0791,22.837101,0.003223,2.313817,907179.944451,1102.384386,515425,0,22.932638,0.012635,0.616019,141162.219293,7084.079091,2377,0
669.6662,22.740458,0.003204,2.300172,906883.738357,1102.743664,515257,0,22.886182,0.012659,0.617312,141140.070736,7085.190917,2378,0
671.2525,22.755286,0.003212,2.305352,906929.184929,1102.688702,515282,0,22.898245,0.012265,0.597950,141145.822192,7084.900294,2377,0
672.8402,22.962172,0.003236,2.323737,907563.277519,1101.919332,515642,0,22.915934,0.012411,0.605219,141154.255505,7084.477712,2378,0
674.4250,22.847294,0.003221,2.312833,907211.184922,1102.346367,515442,0,22.971959,0.012281,0.598762,141180.966321,7083.136727,2377,0
676.0141,22.920053,0.003236,2.323740,907434.185219,1102.076095,515568,0,22.907681,0.012616,0.615240,141150.320554,7084.676198,2378,0
677.6027,22.799585,0.003215,2.308226,907064.959363,1102.523810,515359,0,22.973444,0.012397,0.604551,141181.674173,7083.101766,2378,0
679.1875,22.716971,0.003200,2.296918,906811.754830,1102.831015,515216,0,22.913227,0.012228,0.596293,141152.964685,7084.541632,2378,0
680.7773,22.934737,0.003146,2.324210,907479.190789,1102.021465,545923,0,22.894545,0.012165,0.610306,141144.057890,7084.990068,2517,0
682.3595,22.844686,0.003224,2.314992,907203.190024,1102.356206,515437,0,22.845785,0.012358,0.602635,141120.811047,7086.156434,2378,0
683.9461,22.849262,0.003327,2.317030,907217.215730,1102.339282,485125,0,22.838438,0.012986,0.614176,141117.307911,7086.333482,2237,0
685.5336,22.813784,0.003219,2.311263,907108.478868,1102.471090,515384,0,22.865360,0.012560,0.612499,141130.143598,7085.688814,2378,0
687.1262,22.823259,0.003220,2.311735,907137.517648,1102.435825,515400,0,22.879891,0.012123,0.591193,141137.071202,7085.338940,2378,0
688.7166,22.761906,0.003209,2.303777,906949.477418,1102.663939,515294,0,22.782807,0.012142,0.591970,141090.785111,7087.663441,2377,0
690.3034,22.816534,0.003219,2.310987,907116.908307,1102.460829,515389,0,22.975046,0.012674,0.618033,141182.438282,7083.064760,2378,0
691.8891,22.874384,0.003437,2.317816,907294.212058,1102.245777,454843,0,22.797511,0.013443,0.615742,141097.795203,7087.313632,2098,0
693.4765,22.906729,0.003142,2.321329,907393.349054,1102.125553,545872,0,22.788145,0.011911,0.597675,141093.330153,7087.536140,2518,0
695.0478,22.827121,0.003222,2.313172,907149.357050,1102.421519,515407,0,22.861567,0.012378,0.603497,141128.335372,7085.778713,2377,0
696.6362,22.830975,0.003222,2.313228,907161.169117,1102.407168,515414,0,22.846633,0.012380,0.603712,141121.215033,7086.136249,2378,0
698.2192,22.727156,0.003202,2.298673,906842.971405,1102.793152,515233,0,22.894963,0.012289,0.599280,141144.257455,7084.978974,2378,0
699.8030,22.813080,0.003432,2.314273,907106.320533,1102.473887,454750,0,22.821724,0.013361,0.611858,141109.339271,7086.733429,2097,0
701.3902,22.818164,0.003427,2.311198,907121.903116,1102.454770,454757,0,22.961015,0.013221,0.605421,141175.748830,7083.399142,2097,0
702.9767,22.821441,0.003321,2.313244,907131.947239,1102.442682,485080,0,23.048520,0.013181,0.623567,141217.468034,7081.308311,2238,0
704.5612,22.769117,0.003209,2.303434,906971.577650,1102.637051,515306,0,22.888152,0.012671,0.617901,141141.010006,7085.143818,2378,0
706.1469,22.767878,0.003212,2.305649,906967.779491,1102.641796,515304,0,22.866791,0.012685,0.618562,141130.825580,7085.655172,2378,0
707.7302,22.782336,0.003216,2.308759,907012.091812,1102.588105,515330,0,22.840990,0.012269,0.598315,141118.524802,7086.270816,2378,0
709.3090,22.794095,0.003217,2.309192,907048.132812,1102.544319,515349,0,22.830654,0.012580,0.613452,141113.596900,7086.519765,2378,0
710.8935,22.893098,0.003438,2.318791,907351.569392,1102.176155,454872,0,22.844941,0.013307,0.609492,141120.408609,7086.177312,2098,0
712.4780,22.716389,0.003411,2.299810,906809.970681,1102.833351,454601,0,22.916358,0.013538,0.620083,141154.457895,7084.469018,2098,0
714.0693,22.742107,0.003207,2.302169,906888.793758,1102.737631,515260,0,22.903308,0.013226,0.644941,141148.235947,7084.783852,2378,0
715.6545,22.893751,0.003442,2.321378,907353.571776,1102.173873,454873,0,22.977009,0.013133,0.601557,141183.373863,7083.016206,2098,0
717.2370,22.906648,0.003232,2.320703,907393.099316,1102.125820,515545,0,22.825283,0.012307,0.599999,141111.036356,7086.647034,2377,0
718.8209,23.001455,0.003241,2.327761,907683.676184,1101.773400,515710,0,22.860449,0.012599,0.614363,141127.802099,7085.806560,2378,0
720.4073,22.920695,0.003443,2.322316,907436.152451,1102.073623,454914,0,22.810400,0.013399,0.613747,141103.940404,7087.004766,2098,0
721.9844,23.130112,0.003338,2.325895,908078.003190,1101.294842,485585,0,22.801653,0.012765,0.603725,141099.770347,7087.213232,2237,0
723.5704,23.034839,0.003238,2.325314,907785.998423,1101.649067,515768,0,22.906657,0.012420,0.605657,141149.832530,7084.699748,2378,0
725.1606,22.979481,0.003235,2.323338,907616.327643,1101.854900,515672,0,22.822540,0.012643,0.616384,141109.728299,7086.714346,2377,0
726.7450,23.105606,0.003443,2.323186,908002.891551,1101.385788,455198,0,22.863571,0.013270,0.607832,141129.290601,7085.731173,2098,0
728.3321,22.961649,0.003336,2.324343,907561.675330,1101.921312,485310,0,22.899884,0.012726,0.602054,141146.603363,7084.861483,2238,0
729.9203,22.944672,0.003144,2.322898,907509.639889,1101.984412,545941,0,22.878059,0.012073,0.605707,141136.197879,7085.384188,2517,0
731.5119,23.013358,0.003239,2.326417,907720.159796,1101.729038,515732,0,22.867470,0.012363,0.602745,141131.149393,7085.637358,2377,0
733.1008,23.030028,0.003240,2.327166,907771.252858,1101.667070,515760,0,22.861939,0.012122,0.591019,141128.512490,7085.768616,2377,0
734.6859,23.155529,0.003338,2.325834,908155.902734,1101.200370,485627,0,22.958955,0.013027,0.616292,141174.766344,7083.449508,2238,0
736.2734,23.070587,0.003239,2.326068,907895.561268,1101.516163,515831,0,22.963877,0.012674,0.617933,141177.112997,7083.331931,2377,0
737.8584,22.944996,0.003145,2.323917,907510.635873,1101.983262,545943,0,23.086680,0.012025,0.603305,141235.661311,7080.394120,2517,0
739.4480,22.936432,0.003238,2.324884,907484.386564,1102.015194,515597,0,23.070842,0.012598,0.614339,141228.110499,7080.773759,2378,0
741.0373,23.017744,0.003341,2.327520,907733.602382,1101.712786,485401,0,22.873306,0.012766,0.603929,141133.931953,7085.497766,2238,0
742.6249,23.053180,0.003150,2.328034,907842.211636,1101.581010,546142,0,22.849895,0.012155,0.609935,141122.770191,7086.058777,2518,0
744.2131,22.998562,0.003238,2.325046,907674.809844,1101.784004,515705,0,22.828633,0.012311,0.600341,141112.633412,7086.566863,2378,0
745.7946,22.996788,0.003445,2.324161,907669.374751,1101.790551,455031,0,22.845801,0.013635,0.624555,141120.818299,7086.158246,2098,0
747.3661,23.137567,0.003340,2.327318,908100.851337,1101.267215,485597,0,22.816014,0.012992,0.614632,141106.617036,7086.870420,2238,0
748.9563,23.073552,0.003449,2.326915,907904.649272,1101.505186,455149,0,22.883504,0.013371,0.612433,141138.793761,7085.254528,2098,0
750.5423,23.122105,0.003235,2.323886,908053.462362,1101.324490,515921,0,22.549631,0.012626,0.615718,140979.614715,7093.254836,2378,0
752.1271,23.081649,0.003240,2.326724,907929.467812,1101.475064,515850,0,22.881273,0.012710,0.619811,141137.730098,7085.308663,2378,0
753.7155,23.118984,0.003241,2.328090,908043.896454,1101.336336,515915,0,22.911530,0.012179,0.593906,141152.155657,7084.582002,2378,0
755.3021,23.041716,0.003240,2.326897,907807.075797,1101.623581,515781,0,22.884937,0.012053,0.587778,141139.477271,7085.217830,2378,0
756.8814,23.025751,0.003448,2.325805,907758.143099,1101.682901,455076,0,22.810812,0.013048,0.597644,141104.136789,7086.993327,2098,0
758.4692,23.069207,0.003237,2.325160,907891.333044,1101.521241,515829,0,22.828084,0.012375,0.603477,141112.371648,7086.580320,2378,0
760.0552,22.976092,0.003337,2.324715,907605.942971,1101.867588,485332,0,22.833033,0.012991,0.614552,141114.731206,7086.462913,2238,0
761.6452,22.951063,0.003233,2.321164,907529.228346,1101.960525,515623,0,22.805538,0.012743,0.621391,141101.622497,7087.121951,2378,0
763.2342,22.921946,0.003143,2.322083,907439.988460,1102.068950,545900,0,22.919571,0.012081,0.606199,141155.989329,7084.390786,2518,0
764.8242,23.006101,0.003146,2.324670,907697.917823,1101.755933,546055,0,22.798523,0.012000,0.602023,141098.277759,7087.288041,2517,0
766.4107,22.997715,0.003340,2.326877,907672.213585,1101.787262,485368,0,22.826851,0.012676,0.599672,141111.783697,7086.609473,2238,0
767.9991,23.031961,0.003241,2.327320,907777.175651,1101.659891,515764,0,22.916859,0.012510,0.609905,141154.696645,7084.456037,2377,0
769.5876,22.970692,0.003239,2.326022,907589.391236,1101.887759,515657,0,22.735090,0.012409,0.604993,141068.035155,7088.807741,2377,0
771.1761,22.945958,0.003233,2.321512,907513.583617,1101.979543,515614,0,22.873128,0.012531,0.610940,141133.846882,7085.502735,2377,0
772.7613,23.100418,0.003338,2.325621,907986.992861,1101.405215,485537,0,22.856364,0.013186,0.623811,141125.854736,7085.905273,2238,0
774.3517,22.961137,0.003237,2.324307,907560.104169,1101.923218,515640,0,22.857088,0.012477,0.608292,141126.199700,7085.886411,2377,0
775.9397,22.920720,0.003231,2.320228,907436.231131,1102.073406,515571,0,22.884837,0.012718,0.620036,141139.429289,7085.223391,2377,0
777.5286,22.897470,0.003141,2.320609,907364.971852,1102.159980,545855,0,22.781376,0.011871,0.595572,141090.102994,7087.698053,2517,0
779.1133,23.060522,0.003341,2.327719,907864.713446,1101.553688,485472,0,22.777352,0.012964,0.613176,141088.184469,7087.796156,2237,0
780.6939,23.129050,0.003148,2.327005,908074.747572,1101.298855,546281,0,22.813274,0.012172,0.610805,141105.310519,7086.935663,2518,0
782.2767,23.011083,0.003443,2.322339,907713.185434,1101.737266,455053,0,22.670615,0.013447,0.615780,141037.295758,7090.353839,2097,0
783.8604,23.334964,0.003424,2.311084,908705.858133,1100.533042,455551,0,22.830118,0.013244,0.606648,141113.341203,7086.531935,2098,0
785.4454,23.230080,0.003334,2.323633,908384.396407,1100.923240,485750,0,22.849969,0.013134,0.621196,141122.805648,7086.058114,2237,0
787.0337,23.187903,0.003238,2.326263,908255.126338,1101.080090,516035,0,22.797101,0.012702,0.619433,141097.599998,7087.323802,2378,0
788.6200,23.073964,0.003243,2.329183,907905.912905,1101.503785,515837,0,22.804344,0.012324,0.600841,141101.053345,7087.148507,2377,0
790.2147,22.815913,0.003216,2.309022,907115.003799,1102.463030,515388,0,22.841660,0.012100,0.590051,141118.843964,7086.253995,2378,0
791.7986,22.939039,0.003339,2.325722,907492.377143,1102.005539,485272,0,22.829998,0.012738,0.602589,141113.284178,7086.534406,2238,0
793.3853,22.909272,0.003440,2.320205,907401.142549,1102.116022,454897,0,22.865515,0.014024,0.642219,141130.217238,7085.688126,2097,0
794.9737,22.967778,0.003450,2.327079,907580.458792,1101.898665,454987,0,22.776025,0.013488,0.617814,141087.551535,7087.828408,2098,0
796.5644,22.984403,0.003237,2.324699,907631.415186,1101.836663,515681,0,22.797230,0.012586,0.613642,141097.661253,7087.320151,2377,0
798.1477,22.954578,0.003333,2.321862,907540.002234,1101.947484,485297,0,22.784244,0.013117,0.620520,141091.470388,7087.631814,2238,0
799.7312,22.988994,0.003241,2.327430,907645.485671,1101.819740,515689,0,22.809737,0.012665,0.617628,141103.624408,7087.021026,2378,0
801.3185,23.030358,0.003447,2.325058,907772.262696,1101.665722,455082,0,22.802728,0.013249,0.606853,141100.282876,7087.187798,2098,0
802.9099,23.036761,0.003151,2.328605,907791.888809,1101.642110,546112,0,22.833435,0.012134,0.608862,141114.922648,7086.452740,2518,0
804.4914,22.967667,0.003338,2.325162,907580.119736,1101.898965,485319,0,22.815823,0.012669,0.599217,141106.525735,7086.873491,2237,0
806.0789,22.914040,0.003233,2.321682,907415.755203,1102.098359,515559,0,22.816215,0.012645,0.616504,141106.712900,7086.865797,2377,0
807.6622,23.024274,0.003147,2.325501,907753.617012,1101.688377,546089,0,22.941188,0.012265,0.615347,141166.295991,7083.874454,2517,0
809.2503,23.034685,0.003239,2.326198,907785.525779,1101.649692,515769,0,22.799731,0.012448,0.606877,141098.853980,7087.259571,2377,0
810.8336,22.942779,0.003337,2.324322,907503.839175,1101.991539,485279,0,22.762968,0.012685,0.600098,141081.326476,7088.139410,2238,0
812.4203,22.988626,0.003237,2.324345,907644.357415,1101.820930,515688,0,22.831784,0.012479,0.608404,141114.135583,7086.492217,2377,0
814.0028,23.023708,0.003238,2.325386,907751.880263,1101.690478,515750,0,22.863389,0.012541,0.611552,141129.203674,7085.735913,2378,0
815.5933,22.958373,0.003239,2.325667,907551.634173,1101.933581,515636,0,22.887868,0.012408,0.604969,141140.874433,7085.149348,2377,0
817.1790,22.951945,0.003333,2.321844,907531.934034,1101.957280,485294,0,22.855079,0.012719,0.601715,141125.241777,7085.933870,2238,0
818.7671,23.273786,0.003228,2.318853,908518.351754,1100.760634,516185,0,22.780885,0.012371,0.603155,141089.868775,7087.710560,2377,0
820.3551,23.319266,0.003432,2.316404,908657.746825,1100.591622,455527,0,22.791493,0.012764,0.584621,141094.926225,7087.454719,2098,0
821.9433,23.190794,0.003233,2.322248,908263.989716,1101.069111,516040,0,22.798065,0.012549,0.611800,141098.059528,7087.299958,2377,0
823.5290,22.986880,0.003340,2.326761,907639.005393,1101.827568,485351,0,22.849132,0.012855,0.608160,141122.406577,7086.076854,2238,0
825.1179,23.028426,0.003149,2.327330,907766.342259,1101.673039,546096,0,22.802051,0.011728,0.588373,141099.960039,7087.202225,2517,0
826.7014,22.848573,0.003225,2.315401,907215.105637,1102.341751,515445,0,22.736064,0.012365,0.602867,141068.499742,7088.784182,2377,0
828.2753,23.008920,0.003145,2.324266,907706.556345,1101.745424,546061,0,22.798542,0.012092,0.606663,141098.286846,7087.288041,2517,0
829.8608,23.007769,0.003337,2.324696,907703.030605,1101.749729,485385,0,22.792994,0.012827,0.606823,141095.641781,7087.420912,2238,0
831.4479,22.991239,0.003240,2.326663,907652.364724,1101.811345,515692,0,22.731337,0.012610,0.614798,141066.246041,7088.898612,2377,0
833.0337,22.950860,0.003443,2.322460,907528.607160,1101.961355,454961,0,22.850623,0.013668,0.625898,141123.117600,7086.042918,2097,0
834.6252,22.991477,0.003241,2.327573,907653.094914,1101.810511,515693,0,22.805519,0.012575,0.613093,141101.613414,7087.121582,2377,0
836.2093,22.940364,0.003334,2.322545,907496.436949,1102.000425,485275,0,22.857383,0.012851,0.607823,141126.340464,7085.879303,2237,0
837.7852,22.937029,0.003446,2.324091,907486.217245,1102.012925,454940,0,22.902878,0.013028,0.596740,141148.030624,7084.789323,2098,0
839.3744,23.038311,0.003241,2.327607,907796.639152,1101.636287,515775,0,22.811117,0.012541,0.611534,141104.282276,7086.987384,2378,0
840.9619,23.224785,0.003140,2.321089,908368.168921,1100.942761,546459,0,22.883260,0.012183,0.611226,141138.677866,7085.260230,2517,0
842.5534,23.038870,0.003341,2.328069,907798.350417,1101.634237,485435,0,22.833939,0.012897,0.609997,141115.163225,7086.440769,2237,0
844.1375,22.950227,0.003335,2.323541,907526.666473,1101.963774,485290,0,22.821191,0.012743,0.602860,141109.085173,7086.745308,2238,0
845.7296,22.949621,0.003144,2.322828,907524.810958,1101.965986,545951,0,22.894286,0.012195,0.611807,141143.934284,7084.996424,2517,0
847.3163,23.132600,0.003242,2.328910,908085.626556,1101.285772,515939,0,22.801812,0.012379,0.603654,141099.846154,7087.209420,2378,0
848.8941,22.938023,0.003333,2.322068,907489.263235,1102.009108,485270,0,22.795674,0.012793,0.605229,141096.919617,7087.356568,2238,0
850.4807,22.864759,0.003436,2.317579,907264.714430,1102.281601,454828,0,22.805702,0.012970,0.594057,141101.700384,7087.115348,2098,0
852.0709,22.843293,0.003135,2.316202,907198.922185,1102.361463,545755,0,22.909463,0.012372,0.620713,141151.170402,7084.634088,2517,0
853.6519,22.973458,0.003237,2.324264,907597.867778,1101.877365,515661,0,22.656802,0.012792,0.623667,141030.709928,7090.685738,2377,0
855.2387,23.039728,0.003239,2.326387,907800.982629,1101.630945,515777,0,22.875689,0.012683,0.618330,141135.068103,7085.442154,2377,0
856.8153,22.896676,0.003437,2.317831,907362.536197,1102.162778,454878,0,22.834807,0.013616,0.623678,141115.576901,7086.421354,2098,0
858.4071,22.935068,0.003235,2.322532,907480.204585,1102.020136,515595,0,22.886437,0.012530,0.611033,141140.192226,7085.184188,2378,0
859.9934,22.988934,0.003238,2.325083,907645.300046,1101.819829,515688,0,22.753053,0.012278,0.598719,141076.599260,7088.376787,2378,0
861.5844,22.945480,0.003446,2.324608,907512.118798,1101.981501,454952,0,22.825979,0.013256,0.607161,141111.368009,7086.631077,2098,0
863.1743,23.365867,0.003217,2.311380,908800.576180,1100.418355,516346,0,22.798037,0.012409,0.605001,141098.046212,7087.299958,2377,0
864.7611,22.999917,0.003240,2.326565,907678.964958,1101.779049,515707,0,22.815767,0.012513,0.610067,141106.499147,7086.875894,2377,0
866.3469,23.062205,0.003341,2.327537,907869.870781,1101.547420,485474,0,22.874111,0.012823,0.606495,141134.315518,7085.478766,2237,0
867.9281,22.952388,0.003239,2.325840,907533.291570,1101.955863,515625,0,22.772211,0.012568,0.612863,141085.733390,7087.919260,2378,0
869.5162,22.947322,0.003234,2.322207,907517.762986,1101.974508,515616,0,22.743715,0.012633,0.616023,141072.147341,7088.602187,2378,0
871.1042,23.054118,0.003239,2.326149,907845.086881,1101.577411,515802,0,22.860864,0.012569,0.612935,141128.000239,7085.796468,2378,0
872.6927,23.042069,0.003150,2.327934,907808.156741,1101.622329,546121,0,22.842109,0.012233,0.613721,141119.058488,7086.245530,2517,0
874.2818,23.030225,0.003238,2.325315,907771.854338,1101.666232,515760,0,22.818992,0.012576,0.613280,141108.036683,7086.798991,2378,0
875.8641,23.109291,0.003451,2.328212,908014.187852,1101.372378,455204,0,22.777824,0.013736,0.629149,141088.409270,7087.786463,2098,0
877.4411,23.153610,0.003240,2.327290,908150.021948,1101.207586,515975,0,22.840297,0.012865,0.627234,141118.194348,7086.290282,2377,0
879.0305,23.117376,0.003238,2.325789,908038.966280,1101.342182,515912,0,22.819475,0.012880,0.628080,141108.267179,7086.788898,2378,0
880.6120,23.084857,0.003450,2.327558,907939.299814,1101.463185,455166,0,22.842935,0.012790,0.585849,141119.451858,7086.223070,2098,0
882.1994,22.974240,0.003448,2.325674,907600.266056,1101.874535,454997,0,22.865010,0.013298,0.609079,141129.976724,7085.696854,2098,0
883.7854,22.969729,0.003235,2.323022,907586.439769,1101.891168,515656,0,22.877802,0.012702,0.619300,141136.075698,7085.391670,2377,0
885.3749,23.008111,0.003243,2.328710,907704.078833,1101.748690,515721,0,22.859698,0.012358,0.602648,141127.444169,7085.823381,2378,0
886.9594,23.109905,0.003241,2.328095,908016.068708,1101.370090,515899,0,22.837143,0.012565,0.612583,141116.690446,7086.364325,2377,0
888.5481,23.152409,0.003144,2.324005,908146.341645,1101.211857,546325,0,22.876859,0.012051,0.604586,141135.625945,7085.412793,2517,0
890.1351,22.961914,0.003235,2.322945,907562.485706,1101.920247,515642,0,22.917670,0.012652,0.616967,141155.082973,7084.437342,2378,0
891.7251,23.073248,0.003240,2.326986,907903.719118,1101.506319,515835,0,22.831417,0.012175,0.593715,141113.960598,7086.499579,2378,0
893.3119,23.118932,0.003341,2.328005,908043.737605,1101.336524,485567,0,22.875029,0.012938,0.611939,141134.753498,7085.457309,2237,0
894.8929,23.078258,0.003238,2.325940,907919.074583,1101.487628,515844,0,22.798969,0.012146,0.592149,141098.490517,7087.276399,2377,0
896.4830,23.031398,0.003241,2.327702,907775.450465,1101.662007,515762,0,22.789264,0.012846,0.626439,141093.863613,7087.512195,2378,0
898.0730,23.019028,0.003240,2.326789,907737.538682,1101.707966,515741,0,22.777842,0.012629,0.615838,141088.417994,7087.784693,2378,0
899.6521,23.030210,0.003237,2.324748,907771.810648,1101.666252,515761,0,22.844490,0.012747,0.621456,141120.193315,7086.189314,2377,0
901.2338,23.061588,0.003242,2.328272,907867.979513,1101.549757,515815,0,22.894387,0.012219,0.595853,141143.982713,7084.992431,2378,0
